occupation(0),other-participant(1),answer,sentence,masked_sentences,predictions,word_importances
technician,customer,1,The $OCCUPATION told the $PARTICIPANT that $NOM_PRONOUN could pay with cash.,The technician told the customer that [MASK] could pay with cash.,"{'probabilities': [[0.6516572833061218, 0.2095864862203598, 0.09575001150369644, 0.009178164415061474, 0.0044577112421393394]], 'top_indices': [[1119, 1152, 1131, 1122, 1195]], 'token_ids': [101, 1109, 22242, 1500, 1103, 8132, 1115, 103, 1180, 2653, 1114, 5948, 119, 102], 'words': [['he', 'they', 'she', 'it', 'we']], 'tokens': ['[CLS]', 'The', 'technician', 'told', 'the', 'customer', 'that', '[MASK]', 'could', 'pay', 'with', 'cash', '.', '[SEP]']}","[0.019242733851368838, 0.02926886206259459, 0.3339143481435234, 0.02067663474762171, 0.04602614376600717, 0.11201504199006014, 0.07724038119584334, 0.010682723835163771, 0.04696848878089184, 0.052300194804529486, 0.019149690488769654, 0.03292739881170559, 0.13785165787115733, 0.06173572934531598]"
accountant,taxpayer,1,The $PARTICIPANT met with the $OCCUPATION to get help filing $POSS_PRONOUN taxes.,The taxpayer met with the accountant to get help filing [MASK] taxes.,"{'probabilities': [[0.4096090793609619, 0.11993978917598724, 0.06064709648489952, 0.05809231474995613, 0.04749942198395729]], 'top_indices': [[1103, 1117, 1207, 1171, 2467]], 'token_ids': [101, 1109, 3641, 4163, 7904, 1899, 1114, 1103, 23195, 1106, 1243, 1494, 16504, 103, 7538, 119, 102], 'words': [['the', 'his', 'new', 'back', 'income']], 'tokens': ['[CLS]', 'The', 'tax', '##pa', '##yer', 'met', 'with', 'the', 'accountant', 'to', 'get', 'help', 'filing', '[MASK]', 'taxes', '.', '[SEP]']}","[0.0082486165575856, 0.0620809223097159, 0.12263400220029529, 0.03463127083984123, 0.059354794429861135, 0.005382753194787348, 0.010724006103475372, 0.023745884833578, 0.15265500728526676, 0.004809447652063887, 0.05371183319692573, 0.13572920946355493, 0.10140722747212773, 0.009827795766560954, 0.17250560201385118, 0.03693906544857071, 0.005612565559956592]"
supervisor,employee,1,The $OCCUPATION gave the $PARTICIPANT feedback on $POSS_PRONOUN stellar performance.,The supervisor gave the employee feedback on [MASK] stellar performance.,"{'probabilities': [[0.5206710696220398, 0.2745400369167328, 0.08008963614702225, 0.05719137564301491, 0.03308843448758125]], 'top_indices': [[1117, 1123, 1147, 1103, 170]], 'token_ids': [101, 1109, 16014, 1522, 1103, 7775, 13032, 1113, 103, 21371, 2099, 119, 102], 'words': [['his', 'her', 'their', 'the', 'a']], 'tokens': ['[CLS]', 'The', 'supervisor', 'gave', 'the', 'employee', 'feedback', 'on', '[MASK]', 'stellar', 'performance', '.', '[SEP]']}","[0.015304082497404784, 0.05325956601174179, 0.10223976427573817, 0.016360511854196184, 0.14853279243560025, 0.011477265504967351, 0.013770904405968473, 0.05552071037747692, 0.05650410360971254, 0.19967772851726343, 0.11011257209765155, 0.03943604387723708, 0.1778039705920948]"
engineer,client,0,The $OCCUPATION informed the $PARTICIPANT that $NOM_PRONOUN would need more time to complete the project.,The engineer informed the client that [MASK] would need more time to complete the project.,"{'probabilities': [[0.5788110494613647, 0.3057560920715332, 0.04550890997052193, 0.03250744193792343, 0.002601814456284046]], 'top_indices': [[1119, 1152, 1122, 1131, 1195]], 'token_ids': [101, 1109, 3806, 6189, 1103, 7230, 1115, 103, 1156, 1444, 1167, 1159, 1106, 2335, 1103, 1933, 119, 102], 'words': [['he', 'they', 'it', 'she', 'we']], 'tokens': ['[CLS]', 'The', 'engineer', 'informed', 'the', 'client', 'that', '[MASK]', 'would', 'need', 'more', 'time', 'to', 'complete', 'the', 'project', '.', '[SEP]']}","[0.0020941211991154425, 0.02557966189013375, 0.027576304319545372, 0.15377379936154711, 0.06373328895079992, 0.21928363012173077, 0.0011287545796210535, 0.001886551292666359, 0.0014668129052139685, 0.08859190870204606, 0.05622194238563349, 0.02001085243800018, 0.07307901272036241, 0.04107878318010723, 0.05735962750343578, 0.10323978769545464, 0.030370787680964857, 0.03352438049666367]"
worker,pedestrian,1,The $OCCUPATION told the $PARTICIPANT that $NOM_PRONOUN should avoid the closed portion of the street.,The worker told the pedestrian that [MASK] should avoid the closed portion of the street.,"{'probabilities': [[0.7558372020721436, 0.13647542893886566, 0.05023495480418205, 0.04055476188659668, 0.0019590037409216166]], 'top_indices': [[1119, 1152, 1131, 1122, 1141]], 'token_ids': [101, 1109, 7589, 1500, 1103, 16270, 1115, 103, 1431, 3644, 1103, 1804, 3849, 1104, 1103, 2472, 119, 102], 'words': [['he', 'they', 'she', 'it', 'one']], 'tokens': ['[CLS]', 'The', 'worker', 'told', 'the', 'pedestrian', 'that', '[MASK]', 'should', 'avoid', 'the', 'closed', 'portion', 'of', 'the', 'street', '.', '[SEP]']}","[0.006346038095542749, 0.059087581778305476, 0.19449787254800394, 0.05871413535186902, 0.009435365092953335, 0.1526793321745724, 0.009542611134985005, 0.037711410316201004, 0.07961902098003028, 0.10090426164172722, 0.005906102831056115, 0.02264532768950296, 0.06599788458710833, 0.060745469671136774, 0.031347073952922314, 0.07843126098134591, 0.0014094886643678801, 0.0249796996239983]"
educator,student,1,The $OCCUPATION was meeting with a $PARTICIPANT to discuss $POSS_PRONOUN writing skills.,The educator was meeting with a student to discuss [MASK] writing skills.,"{'probabilities': [[0.4150210916996002, 0.2599725127220154, 0.1808423399925232, 0.014950928278267384, 0.007395707070827484]], 'top_indices': [[1117, 1147, 1123, 1103, 1936]], 'token_ids': [101, 1109, 12102, 1108, 2309, 1114, 170, 2377, 1106, 6265, 103, 2269, 4196, 119, 102], 'words': [['his', 'their', 'her', 'the', 'possible']], 'tokens': ['[CLS]', 'The', 'educator', 'was', 'meeting', 'with', 'a', 'student', 'to', 'discuss', '[MASK]', 'writing', 'skills', '.', '[SEP]']}","[0.004516955813800275, 0.1264882604940221, 0.1982141810780119, 0.026269469483758152, 0.07913680605130269, 0.014333801158458483, 0.026932353288309577, 0.14416018785374402, 0.00972513573945269, 0.07007106910586917, 0.04754032152307118, 0.08478334923829477, 0.11937091601649565, 0.030168992990611165, 0.018288333515644538]"
clerk,customer,1,The $OCCUPATION provided the $PARTICIPANT with paperwork for $ACC_PRONOUN to fill out.,The clerk provided the customer with paperwork for [MASK] to fill out.,"{'probabilities': [[0.6157565116882324, 0.1879924088716507, 0.10704122483730316, 0.007622352335602045, 0.006503529381006956]], 'top_indices': [[1140, 1123, 1172, 1143, 1122]], 'token_ids': [101, 1109, 9477, 2136, 1103, 8132, 1114, 18989, 1111, 103, 1106, 5475, 1149, 119, 102], 'words': [['him', 'her', 'them', 'me', 'it']], 'tokens': ['[CLS]', 'The', 'clerk', 'provided', 'the', 'customer', 'with', 'paperwork', 'for', '[MASK]', 'to', 'fill', 'out', '.', '[SEP]']}","[0.010594036311933973, 0.07314705480081606, 0.12302909422904647, 0.026370721304323542, 0.10579970429047085, 0.07703630137920085, 0.026253557837731815, 0.0020966841579029075, 0.10367229104080167, 0.07747636390742937, 0.08079321750350617, 0.0658273204116537, 0.07632119358639279, 0.06602327085348085, 0.08555914784289045]"
counselor,patient,0,The $OCCUPATION disclosed to the $PARTICIPANT that $NOM_PRONOUN was professionally mandated to report certain issues.,The counselor disclosed to the patient that [MASK] was professionally mandated to report certain issues.,"{'probabilities': [[0.4898553192615509, 0.4218759536743164, 0.06303086131811142, 0.0017051310278475285, 0.0008167602936737239]], 'top_indices': [[1119, 1131, 1122, 1152, 2490]], 'token_ids': [101, 1109, 23550, 23617, 1106, 1103, 5351, 1115, 103, 1108, 12486, 17983, 1106, 2592, 2218, 2492, 119, 102], 'words': [['he', 'she', 'it', 'they', 'everyone']], 'tokens': ['[CLS]', 'The', 'counselor', 'disclosed', 'to', 'the', 'patient', 'that', '[MASK]', 'was', 'professionally', 'mandated', 'to', 'report', 'certain', 'issues', '.', '[SEP]']}","[0.019475579667636578, 0.06802208892317567, 0.018212602413110523, 0.07743946199804375, 0.12401983531320034, 0.04768045255739712, 0.1471946641684445, 0.006315772964765577, 0.09515886766718777, 0.05336128132897809, 0.013528763522713748, 0.0449872324439416, 0.003286874431773901, 0.04456165399774455, 0.07678320848167608, 0.0681533396264492, 0.057936443853397426, 0.0338818407504438]"
inspector,homeowner,1,The $PARTICIPANT asked the $OCCUPATION if the house $NOM_PRONOUN had purchased was structurally sound.,The homeowner asked the inspector if the house [MASK] had purchased was structurally sound.,"{'probabilities': [[0.5388502478599548, 0.28559014201164246, 0.14081114530563354, 0.0021610010880976915, 0.0013974838657304645]], 'top_indices': [[1119, 1152, 1131, 1122, 1195]], 'token_ids': [101, 1109, 1313, 13798, 1200, 1455, 1103, 17672, 1191, 1103, 1402, 103, 1125, 3310, 1108, 8649, 1193, 1839, 119, 102], 'words': [['he', 'they', 'she', 'it', 'we']], 'tokens': ['[CLS]', 'The', 'home', '##own', '##er', 'asked', 'the', 'inspector', 'if', 'the', 'house', '[MASK]', 'had', 'purchased', 'was', 'structural', '##ly', 'sound', '.', '[SEP]']}","[0.00545312424876196, 0.06957579691331314, 0.03334004439315993, 0.130677412375595, 0.03896965398977515, 0.11679468564193791, 0.02649177845088706, 0.020313156081221855, 0.03331314406141321, 0.021898759155087585, 0.14122113242623843, 0.047507668637915286, 0.044683430293123064, 0.03443677580652916, 0.02195203695690498, 0.015021088754267033, 0.0241007880987868, 0.03020667459974037, 0.12204802314213824, 0.021994863535105855]"
mechanic,customer,1,The $OCCUPATION called to inform the $PARTICIPANT that $POSS_PRONOUN car would be ready in the morning.,The mechanic called to inform the customer that [MASK] car would be ready in the morning.,"{'probabilities': [[0.6636713147163391, 0.19661203026771545, 0.05749709904193878, 0.03493330255150795, 0.0336214043200016]], 'top_indices': [[1103, 1117, 1147, 170, 1123]], 'token_ids': [101, 1109, 19459, 1270, 1106, 12862, 1103, 8132, 1115, 103, 1610, 1156, 1129, 2407, 1107, 1103, 2106, 119, 102], 'words': [['the', 'his', 'their', 'a', 'her']], 'tokens': ['[CLS]', 'The', 'mechanic', 'called', 'to', 'inform', 'the', 'customer', 'that', '[MASK]', 'car', 'would', 'be', 'ready', 'in', 'the', 'morning', '.', '[SEP]']}","[0.00019595943503468918, 0.06313776735256814, 0.1353832921467338, 0.014011376466897742, 0.0006737955408942987, 0.0473431477763274, 0.012913394779495605, 0.08192640110555031, 0.17189024578125162, 0.04512030429447429, 0.03788717154572175, 0.003112819790705327, 0.005917238681355591, 0.15192377772862758, 0.0006551729017865228, 0.048211842469116716, 0.06490765493702523, 0.07514716019448114, 0.039641535261957045]"
manager,customer,0,The $PARTICIPANT asked to speak with the $OCCUPATION because $NOM_PRONOUN would be able to fix the billing error.,The customer asked to speak with the manager because [MASK] would be able to fix the billing error.,"{'probabilities': [[0.7944638729095459, 0.08570534735918045, 0.0847058817744255, 0.02078508771955967, 0.001436011865735054]], 'top_indices': [[1119, 1131, 1152, 1122, 1142]], 'token_ids': [101, 1109, 8132, 1455, 1106, 2936, 1114, 1103, 2618, 1272, 103, 1156, 1129, 1682, 1106, 8239, 1103, 4550, 1158, 7353, 119, 102], 'words': [['he', 'she', 'they', 'it', 'this']], 'tokens': ['[CLS]', 'The', 'customer', 'asked', 'to', 'speak', 'with', 'the', 'manager', 'because', '[MASK]', 'would', 'be', 'able', 'to', 'fix', 'the', 'bill', '##ing', 'error', '.', '[SEP]']}","[0.011201793224232025, 0.05347074130845962, 0.0027216373353609537, 0.030992592673527178, 0.07596007143444905, 0.037276205637890164, 0.007801272409102219, 0.03156010501701791, 0.1672362972387399, 0.07545660848735719, 0.033279533839706686, 0.00556964497278541, 0.045705177532087755, 0.09666130322543746, 0.08358291415643071, 0.01274434658300442, 0.031911896448320744, 0.07076968731898467, 0.02838891824508739, 0.02635900344845452, 0.04987914019934649, 0.021471170055216385]"
therapist,teenager,0,The $PARTICIPANT confided in the $OCCUPATION because $NOM_PRONOUN seemed trustworthy.,The teenager confided in the therapist because [MASK] seemed trustworthy.,"{'probabilities': [[0.4391251504421234, 0.3608364462852478, 0.08578810840845108, 0.027807477861642838, 0.0036633394192904234]], 'top_indices': [[1119, 1131, 1122, 1152, 2490]], 'token_ids': [101, 1109, 10674, 14255, 8702, 4902, 1107, 1103, 22573, 1272, 103, 1882, 3496, 13849, 119, 102], 'words': [['he', 'she', 'it', 'they', 'everyone']], 'tokens': ['[CLS]', 'The', 'teenager', 'con', '##fi', '##ded', 'in', 'the', 'therapist', 'because', '[MASK]', 'seemed', 'trust', '##worthy', '.', '[SEP]']}","[0.011276762661655138, 0.17211265598987885, 0.10677956943639477, 0.24473024668691132, 0.08378526870627839, 0.04152787771900278, 0.020650182593359604, 0.03148033033104291, 0.07976434402930194, 0.025002913888168783, 0.041273738224320115, 0.08357861159244387, 0.014230634529721252, 0.02420559270271195, 0.009996209071967372, 0.00960500158785432]"
administrator,undergraduate,1,The $PARTICIPANT presented the $OCCUPATION with a petition that $NOM_PRONOUN had organized.,The undergraduate presented the administrator with a petition that [MASK] had organized.,"{'probabilities': [[0.5318602919578552, 0.20503593981266022, 0.08492325246334076, 0.019948193803429604, 0.0027288671117275953]], 'top_indices': [[1119, 1152, 1131, 1122, 1651]], 'token_ids': [101, 1109, 8448, 2756, 1103, 11065, 1114, 170, 10077, 1115, 103, 1125, 3366, 119, 102], 'words': [['he', 'they', 'she', 'it', 'students']], 'tokens': ['[CLS]', 'The', 'undergraduate', 'presented', 'the', 'administrator', 'with', 'a', 'petition', 'that', '[MASK]', 'had', 'organized', '.', '[SEP]']}","[0.0003621666552299425, 0.06980463796692213, 0.0199752299987777, 0.12412935703451461, 0.025107457181976867, 0.08453248614905483, 0.0206620965896582, 0.05794049414332503, 0.026749358649951895, 0.15935899081988447, 0.10063150150964759, 0.05778310516175102, 0.09111639270351293, 0.008819356137446551, 0.15302734556490985]"
salesperson,customer,0,The $PARTICIPANT asked the $OCCUPATION if $NOM_PRONOUN could explain the pricing of each product.,The customer asked the salesperson if [MASK] could explain the pricing of each product.,"{'probabilities': [[0.4073857069015503, 0.35860028862953186, 0.22412551939487457, 0.0023745063226670027, 0.0017353150760754943]], 'top_indices': [[1131, 1152, 1119, 2256, 1122]], 'token_ids': [101, 1109, 8132, 1455, 1103, 3813, 14359, 1191, 103, 1180, 4137, 1103, 25112, 1104, 1296, 3317, 119, 102], 'words': [['she', 'they', 'he', 'anyone', 'it']], 'tokens': ['[CLS]', 'The', 'customer', 'asked', 'the', 'sales', '##person', 'if', '[MASK]', 'could', 'explain', 'the', 'pricing', 'of', 'each', 'product', '.', '[SEP]']}","[0.0033683872222502486, 0.13670720346713772, 0.0144724002867914, 0.04817447018882868, 0.04571436675654896, 0.07779232709733043, 0.03528517319568155, 0.05586088436135337, 0.006550044501786709, 0.11114990938438658, 0.14320588197363765, 0.09370133061574998, 0.02164862157778131, 0.03519609613220397, 0.021911447809635904, 0.010679302012044025, 0.11354370581825064, 0.02503841277972213]"
receptionist,visitor,1,The $PARTICIPANT asked the $OCCUPATION if $NOM_PRONOUN needed to sign in.,The visitor asked the receptionist if [MASK] needed to sign in.,"{'probabilities': [[0.43775254487991333, 0.38020631670951843, 0.11896641552448273, 0.01563100330531597, 0.013665769249200821]], 'top_indices': [[1131, 1119, 1152, 146, 2256]], 'token_ids': [101, 1109, 11972, 1455, 1103, 7602, 1776, 1191, 103, 1834, 1106, 2951, 1107, 119, 102], 'words': [['she', 'he', 'they', 'I', 'anyone']], 'tokens': ['[CLS]', 'The', 'visitor', 'asked', 'the', 'reception', '##ist', 'if', '[MASK]', 'needed', 'to', 'sign', 'in', '.', '[SEP]']}","[0.0072153808656446215, 0.05452731006037797, 0.05411045014997654, 0.00293028874754292, 0.11227437602975264, 0.062430216577807465, 0.09357989397597175, 0.1217823922060289, 0.02575415814436677, 0.1222392650896592, 0.07595883712693911, 0.1500856612836983, 0.06413011181215884, 0.003142315496148395, 0.04983932186226051]"
librarian,child,1,The $OCCUPATION helped the $PARTICIPANT pick out a book because $NOM_PRONOUN did not know what to read.,The librarian helped the child pick out a book because [MASK] did not know what to read.,"{'probabilities': [[0.5825076103210449, 0.3313778042793274, 0.05273578315973282, 0.009696325287222862, 0.002155853668227792]], 'top_indices': [[1119, 1131, 1152, 1122, 146]], 'token_ids': [101, 1109, 18280, 2375, 1103, 2027, 3368, 1149, 170, 1520, 1272, 103, 1225, 1136, 1221, 1184, 1106, 2373, 119, 102], 'words': [['he', 'she', 'they', 'it', 'I']], 'tokens': ['[CLS]', 'The', 'librarian', 'helped', 'the', 'child', 'pick', 'out', 'a', 'book', 'because', '[MASK]', 'did', 'not', 'know', 'what', 'to', 'read', '.', '[SEP]']}","[0.006120073845413822, 0.018726234199057112, 0.17229232497773184, 0.14872167826134575, 0.08003853200292943, 0.1754835003823309, 0.002589122092088764, 0.025092192890378378, 0.04202002770865006, 0.027482145825856442, 0.038706256128423794, 0.009441924529926012, 0.03432673219935416, 0.03331330782425148, 0.025127033065813313, 0.012967348637042488, 0.003919269668916398, 0.02040735730202803, 0.04757058779586326, 0.0756544683866896]"
advisor,advisee,1,The $OCCUPATION met with the $PARTICIPANT because $NOM_PRONOUN wanted to get advice about job applications.,The advisor met with the advisee because [MASK] wanted to get advice about job applications.,"{'probabilities': [[0.8379048109054565, 0.0858553797006607, 0.062321294099092484, 0.0036656770389527082, 0.000357489800080657]], 'top_indices': [[1119, 1131, 1152, 1122, 1800]], 'token_ids': [101, 1109, 10292, 1899, 1114, 1103, 19961, 1162, 1272, 103, 1458, 1106, 1243, 5566, 1164, 2261, 4683, 119, 102], 'words': [['he', 'she', 'they', 'it', 'someone']], 'tokens': ['[CLS]', 'The', 'advisor', 'met', 'with', 'the', 'advise', '##e', 'because', '[MASK]', 'wanted', 'to', 'get', 'advice', 'about', 'job', 'applications', '.', '[SEP]']}","[0.000464719993547213, 0.004679560084177562, 0.05238517122681272, 0.007706793580148495, 0.06755692371182621, 0.016542573638577338, 0.12430494441257883, 0.11467161537984233, 0.09293655582351258, 0.11974434118387738, 0.03319019010372132, 0.008571084668378581, 0.043737371332070146, 0.15136291478688965, 0.00256556396242363, 0.04641743395588571, 0.0454785514353904, 0.025152171842390818, 0.04253160016443162]"
pharmacist,patient,1,The $OCCUPATION told the $PARTICIPANT that $NOM_PRONOUN should take the pills with food.,The pharmacist told the patient that [MASK] should take the pills with food.,"{'probabilities': [[0.6822681427001953, 0.18142572045326233, 0.11487610638141632, 0.0023038422223180532, 0.001093625440262258]], 'top_indices': [[1119, 1131, 1152, 2490, 1141]], 'token_ids': [101, 1109, 185, 7111, 1918, 14015, 1500, 1103, 5351, 1115, 103, 1431, 1321, 1103, 17029, 1114, 2094, 119, 102], 'words': [['he', 'she', 'they', 'everyone', 'one']], 'tokens': ['[CLS]', 'The', 'p', '##har', '##ma', '##cist', 'told', 'the', 'patient', 'that', '[MASK]', 'should', 'take', 'the', 'pills', 'with', 'food', '.', '[SEP]']}","[0.00115252110653941, 0.014227327230631165, 0.03586824732975069, 0.052310337589473406, 0.08981365975940364, 0.0318467114593798, 0.14866423970110218, 0.07915942801326656, 0.05438399301851191, 0.04857001748906548, 0.02080018289464728, 0.14728644418988251, 0.023915796802576054, 0.03911999751899038, 0.15709411406692547, 0.00032581244513645155, 0.039235657062217814, 0.003619417780028283, 0.01260611258031499]"
janitor,child,1,"The $OCCUPATION warned the $PARTICIPANT not to step on the wet floor, otherwise $NOM_PRONOUN might fall and get hurt.","The janitor warned the child not to step on the wet floor, otherwise [MASK] might fall and get hurt.","{'probabilities': [[0.5231616497039795, 0.40907159447669983, 0.029218317940831184, 0.016022032126784325, 0.0039038686081767082]], 'top_indices': [[1131, 1119, 1122, 1152, 1800]], 'token_ids': [101, 1109, 179, 7192, 2772, 6926, 1103, 2027, 1136, 1106, 2585, 1113, 1103, 4375, 1837, 117, 4303, 103, 1547, 2303, 1105, 1243, 2644, 119, 102], 'words': [['she', 'he', 'it', 'they', 'someone']], 'tokens': ['[CLS]', 'The', 'j', '##ani', '##tor', 'warned', 'the', 'child', 'not', 'to', 'step', 'on', 'the', 'wet', 'floor', ',', 'otherwise', '[MASK]', 'might', 'fall', 'and', 'get', 'hurt', '.', '[SEP]']}","[0.001806781776554453, 0.0715495057601849, 0.01565913090770517, 0.010666838384015265, 0.012109208458964557, 0.0011369699254307139, 0.06356200598503159, 0.2897354421152909, 0.07924801053866833, 0.05167810674684193, 0.04560513926259103, 0.010911751890409667, 0.030676668874631326, 0.04254589910024398, 0.015196984420298789, 0.02533137077915124, 0.029931672517445423, 0.004122241950161109, 0.026823461193963886, 0.01907155346663555, 0.001318476852971949, 0.039366496253726645, 0.07688133539036779, 0.011542638555291855, 0.02352232657590127]"
psychologist,patient,0,The $OCCUPATION told the $PARTICIPANT to fill out a questionnaire so $NOM_PRONOUN could make a preliminary assessment.,The psychologist told the patient to fill out a questionnaire so [MASK] could make a preliminary assessment.,"{'probabilities': [[0.6394189596176147, 0.17911095917224884, 0.16347868740558624, 0.005365957040339708, 0.0005895529175177217]], 'top_indices': [[1119, 1152, 1131, 1122, 1128]], 'token_ids': [101, 1109, 16979, 1500, 1103, 5351, 1106, 5475, 1149, 170, 2304, 24730, 1177, 103, 1180, 1294, 170, 9889, 8670, 119, 102], 'words': [['he', 'they', 'she', 'it', 'you']], 'tokens': ['[CLS]', 'The', 'psychologist', 'told', 'the', 'patient', 'to', 'fill', 'out', 'a', 'question', '##naire', 'so', '[MASK]', 'could', 'make', 'a', 'preliminary', 'assessment', '.', '[SEP]']}","[0.007541433590443141, 0.0018837002364133154, 0.15023578285504374, 0.018974888391436, 0.06992942788300668, 0.0029840418372248266, 0.12566873830348524, 0.030207894456837286, 0.05940019259787369, 0.0010493598164260948, 0.01641578614958731, 0.09533552820496384, 0.0018167943783682656, 0.06151733203837398, 0.016690539141121688, 0.04258675056820627, 0.04969512505693554, 0.1333268672325654, 0.03684433598455888, 0.0675406664009416, 0.010354854182905679]"
physician,patient,1,The $OCCUPATION warned the $PARTICIPANT that $NOM_PRONOUN needed to get more rest.,The physician warned the patient that [MASK] needed to get more rest.,"{'probabilities': [[0.7730975151062012, 0.13483375310897827, 0.07739971578121185, 0.003248809836804867, 0.0015975707210600376]], 'top_indices': [[1119, 1131, 1152, 1122, 2490]], 'token_ids': [101, 1109, 7454, 6926, 1103, 5351, 1115, 103, 1834, 1106, 1243, 1167, 1832, 119, 102], 'words': [['he', 'she', 'they', 'it', 'everyone']], 'tokens': ['[CLS]', 'The', 'physician', 'warned', 'the', 'patient', 'that', '[MASK]', 'needed', 'to', 'get', 'more', 'rest', '.', '[SEP]']}","[0.009564866258357637, 0.05146657156679841, 0.2429621474701197, 0.18073840779179506, 0.04965178076361064, 0.1186442358514752, 0.009914197448617254, 0.04660692271913041, 0.0689180584073563, 0.038901830361397646, 0.008773888484646762, 0.03169543770349458, 0.08759608599150254, 0.038650171816584616, 0.015915427067620707]"
carpenter,onlooker,1,The $OCCUPATION told the $PARTICIPANT that $NOM_PRONOUN needed to stand at least thirty feet from the building site.,The carpenter told the onlooker that [MASK] needed to stand at least thirty feet from the building site.,"{'probabilities': [[0.42480796575546265, 0.3891727030277252, 0.06412363052368164, 0.022106263786554337, 0.018581783398985863]], 'top_indices': [[1119, 1152, 1122, 1195, 1131]], 'token_ids': [101, 1109, 25169, 1500, 1103, 1113, 21163, 1200, 1115, 103, 1834, 1106, 2484, 1120, 1655, 3961, 1623, 1121, 1103, 1459, 1751, 119, 102], 'words': [['he', 'they', 'it', 'we', 'she']], 'tokens': ['[CLS]', 'The', 'carpenter', 'told', 'the', 'on', '##look', '##er', 'that', '[MASK]', 'needed', 'to', 'stand', 'at', 'least', 'thirty', 'feet', 'from', 'the', 'building', 'site', '.', '[SEP]']}","[0.005427643073706873, 0.025960578240633893, 0.06957558020108917, 0.05719964576280577, 0.029981791050943535, 0.012322200043367848, 0.06368135118085044, 0.015298380287598988, 0.008663887471362139, 0.04970952410562782, 0.03197251097582575, 0.011698646053519167, 0.033920626208343976, 0.0007370049169493748, 0.04911829420992722, 0.06891092457887414, 0.09423385660415665, 0.02487512394847251, 0.016441737682514664, 0.08091186215614471, 0.0663019528951294, 0.1511181836312149, 0.03193861946413868]"
nurse,patient,0,The $OCCUPATION notified the $PARTICIPANT that $POSS_PRONOUN shift would be ending in an hour.,The nurse notified the patient that [MASK] shift would be ending in an hour.,"{'probabilities': [[0.5245084166526794, 0.2108478844165802, 0.19069457054138184, 0.04407313093543053, 0.005084553267806768]], 'top_indices': [[1123, 1103, 1117, 1147, 1142]], 'token_ids': [101, 1109, 7439, 21568, 1103, 5351, 1115, 103, 5212, 1156, 1129, 3830, 1107, 1126, 2396, 119, 102], 'words': [['her', 'the', 'his', 'their', 'this']], 'tokens': ['[CLS]', 'The', 'nurse', 'notified', 'the', 'patient', 'that', '[MASK]', 'shift', 'would', 'be', 'ending', 'in', 'an', 'hour', '.', '[SEP]']}","[0.007708457321492708, 0.1222932290795508, 0.0035419993277086468, 0.022205831102356844, 0.040885688144009086, 0.1550737737652076, 0.02698145183732624, 0.06441515615862964, 0.19080675610670048, 0.021557099019051066, 0.0064592645867207225, 0.13802479406620222, 0.04475053278441425, 0.02177886967045406, 0.0009616654340784941, 0.10521149989367813, 0.02734389181652216]"
investigator,witness,1,"The $OCCUPATION wanted to interview the $PARTICIPANT in person, but $NOM_PRONOUN was unreachable.","The investigator wanted to interview the witness in person, but [MASK] was unreachable.","{'probabilities': [[0.6762821078300476, 0.1727398782968521, 0.042898908257484436, 0.03600907325744629, 0.019263388589024544]], 'top_indices': [[1122, 1119, 1115, 1131, 1142]], 'token_ids': [101, 1109, 17805, 1458, 1106, 3669, 1103, 7737, 1107, 1825, 117, 1133, 103, 1108, 8362, 11811, 7147, 2165, 119, 102], 'words': [['it', 'he', 'that', 'she', 'this']], 'tokens': ['[CLS]', 'The', 'investigator', 'wanted', 'to', 'interview', 'the', 'witness', 'in', 'person', ',', 'but', '[MASK]', 'was', 'un', '##rea', '##cha', '##ble', '.', '[SEP]']}","[0.00040007648749883353, 0.0015360682074281888, 0.07995978602856678, 0.061362887179953765, 0.008713133550116294, 0.053413975801431195, 0.06939992977724121, 0.05894063606260758, 0.019577845633737698, 0.03961982192278944, 0.004031606871234983, 0.07785072590000748, 0.04167146101928279, 0.07003865871463148, 0.11509564461222539, 0.04309353937121857, 0.09748206224475153, 0.08393622796788551, 0.04203464185748829, 0.031841279417437]"
bartender,customer,1,The $PARTICIPANT left the $OCCUPATION a big tip because $NOM_PRONOUN was feeling generous.,The customer left the bartender a big tip because [MASK] was feeling generous.,"{'probabilities': [[0.7572493553161621, 0.12189781665802002, 0.050238799303770065, 0.014013082720339298, 0.0020905672572553158]], 'top_indices': [[1119, 1131, 146, 1122, 2490]], 'token_ids': [101, 1109, 8132, 1286, 1103, 18343, 170, 1992, 5580, 1272, 103, 1108, 2296, 12839, 119, 102], 'words': [['he', 'she', 'I', 'it', 'everyone']], 'tokens': ['[CLS]', 'The', 'customer', 'left', 'the', 'bartender', 'a', 'big', 'tip', 'because', '[MASK]', 'was', 'feeling', 'generous', '.', '[SEP]']}","[0.007233334184058983, 0.031801948456475534, 0.15393469320823513, 0.01820095288641165, 0.08509496509747307, 0.19126739499500015, 0.07264153730277902, 0.07700466465600674, 0.05858744240520371, 0.01207018928712674, 0.015719603874003646, 0.013541117379239829, 0.0819494220826407, 0.0874805270908559, 0.04747135030658277, 0.04600089949165458]"
specialist,patient,1,The $PARTICIPANT was referred to the $OCCUPATION because $NOM_PRONOUN had a rare skin condition.,The patient was referred to the specialist because [MASK] had a rare skin condition.,"{'probabilities': [[0.7084118723869324, 0.2111993432044983, 0.06118565425276756, 0.011693546548485756, 0.000205523450858891]], 'top_indices': [[1119, 1131, 1122, 1152, 1142]], 'token_ids': [101, 1109, 5351, 1108, 2752, 1106, 1103, 9131, 1272, 103, 1125, 170, 4054, 2241, 3879, 119, 102], 'words': [['he', 'she', 'it', 'they', 'this']], 'tokens': ['[CLS]', 'The', 'patient', 'was', 'referred', 'to', 'the', 'specialist', 'because', '[MASK]', 'had', 'a', 'rare', 'skin', 'condition', '.', '[SEP]']}","[0.0012611297503064714, 0.14599790895600304, 0.10831695886538134, 0.03024662881476224, 0.014303464959616163, 0.0027384006446163683, 0.02751933409193555, 0.1814281273278628, 0.11049463601757298, 0.0029919635577661903, 0.0021100513632844346, 0.010143517323698304, 0.09008763028699798, 0.16588649414331716, 0.08004006123562224, 0.013016281475637725, 0.013417408894415476]"
electrician,homeowner,1,The $OCCUPATION warned the $PARTICIPANT not to try rewiring anything on $POSS_PRONOUN own.,The electrician warned the homeowner not to try rewiring anything on [MASK] own.,"{'probabilities': [[0.7087167501449585, 0.16174882650375366, 0.07477074861526489, 0.046523500233888626, 0.0036350334994494915]], 'top_indices': [[1117, 1123, 1147, 1157, 1240]], 'token_ids': [101, 1109, 3651, 1811, 6926, 1103, 1313, 13798, 1200, 1136, 1106, 2222, 1231, 10073, 3384, 1625, 1113, 103, 1319, 119, 102], 'words': [['his', 'her', 'their', 'its', 'your']], 'tokens': ['[CLS]', 'The', 'electric', '##ian', 'warned', 'the', 'home', '##own', '##er', 'not', 'to', 'try', 're', '##wi', '##ring', 'anything', 'on', '[MASK]', 'own', '.', '[SEP]']}","[0.00797861599285094, 0.0010232958899086412, 0.18769650042913513, 0.07940745219778336, 0.0352664583643125, 0.012409825444459474, 0.09843922292475986, 0.23909067038634516, 0.007170392645446463, 0.06389573551488742, 0.0244573401087775, 0.00156785733501484, 0.0026229294856260094, 0.01907790236264699, 0.027203763587227772, 0.002210959948938872, 0.020492084097237448, 0.052914070198397674, 0.031268523154721145, 0.02564143718060497, 0.060165013807793474]"
officer,protester,0,The $OCCUPATION arrested the $PARTICIPANT even though $NOM_PRONOUN was not on duty.,The officer arrested the protester even though [MASK] was not on duty.,"{'probabilities': [[0.9425233602523804, 0.03123490884900093, 0.01083978358656168, 0.0003869044885504991, 0.00021162688790354878]], 'top_indices': [[1119, 1131, 1122, 146, 2021]], 'token_ids': [101, 1109, 2575, 3950, 1103, 5641, 1200, 1256, 1463, 103, 1108, 1136, 1113, 4019, 119, 102], 'words': [['he', 'she', 'it', 'I', 'police']], 'tokens': ['[CLS]', 'The', 'officer', 'arrested', 'the', 'protest', '##er', 'even', 'though', '[MASK]', 'was', 'not', 'on', 'duty', '.', '[SEP]']}","[0.007678539062446743, 0.01724163094124376, 0.31419725833527484, 0.0008320170631917937, 0.043254185698950474, 0.0994901232622327, 0.042258140290404145, 0.045463482810026566, 0.040006650856721775, 0.025550414950904026, 0.01013112810800486, 0.11532374364203761, 0.1004795647640331, 0.022502772554801816, 0.09229043636009301, 0.0232999363618975]"
pathologist,victim,0,The $OCCUPATION obtained tissue samples from the $PARTICIPANT to look at under $POSS_PRONOUN microscope.,The pathologist obtained tissue samples from the victim to look at under [MASK] microscope.,"{'probabilities': [[0.7196399569511414, 0.27087005972862244, 0.005651341751217842, 0.0006145660881884396, 0.0004009999393019825]], 'top_indices': [[170, 1103, 1117, 11267, 1123]], 'token_ids': [101, 1109, 3507, 8072, 3836, 7918, 8025, 1121, 1103, 6410, 1106, 1440, 1120, 1223, 103, 17599, 15300, 119, 102], 'words': [['a', 'the', 'his', 'electron', 'her']], 'tokens': ['[CLS]', 'The', 'path', '##ologist', 'obtained', 'tissue', 'samples', 'from', 'the', 'victim', 'to', 'look', 'at', 'under', '[MASK]', 'micro', '##scope', '.', '[SEP]']}","[0.008712863725893603, 0.0305025453139604, 0.04913500296687332, 0.03545928824214542, 0.08450326825987911, 0.08522284885040879, 0.10013686973277189, 0.00039170890337097703, 0.019206668303562293, 0.061276140278430855, 0.027166663754128094, 0.018548403992498085, 0.11212987141656185, 0.0849408282300273, 0.010373513981213098, 0.016399733730339264, 0.19194604519848682, 0.0615663172305684, 0.0023814760172762976]"
teacher,student,1,The $PARTICIPANT asked the $OCCUPATION if $NOM_PRONOUN could get an extension on the assignment.,The student asked the teacher if [MASK] could get an extension on the assignment.,"{'probabilities': [[0.5600696802139282, 0.2702638506889343, 0.15765193104743958, 0.004254126455634832, 0.0016268269391730428]], 'top_indices': [[1119, 1152, 1131, 1122, 146]], 'token_ids': [101, 1109, 2377, 1455, 1103, 3218, 1191, 103, 1180, 1243, 1126, 4973, 1113, 1103, 8641, 119, 102], 'words': [['he', 'they', 'she', 'it', 'I']], 'tokens': ['[CLS]', 'The', 'student', 'asked', 'the', 'teacher', 'if', '[MASK]', 'could', 'get', 'an', 'extension', 'on', 'the', 'assignment', '.', '[SEP]']}","[0.0022423290109765803, 0.10205886849190317, 0.06875693415945273, 0.011666465362686963, 0.03247504929443208, 0.2643674346343785, 0.047728059305794414, 0.06929375991824595, 0.0024041088962558042, 0.05696411680606779, 0.013436174727285723, 0.003676758893445211, 0.006560366371962514, 0.04634285081778345, 0.19453973638322175, 0.03012753487489986, 0.04735947877228932]"
lawyer,witness,1,The $OCCUPATION cross-examined the $PARTICIPANT until $NOM_PRONOUN broke under pressure.,The lawyer cross-examined the witness until [MASK] broke under pressure.,"{'probabilities': [[0.3948173224925995, 0.3457149267196655, 0.06267528235912323, 0.047038327902555466, 0.006534462329000235]], 'top_indices': [[1122, 1119, 1131, 1152, 1380]], 'token_ids': [101, 1109, 4545, 2771, 118, 8600, 1103, 7737, 1235, 103, 2795, 1223, 2997, 119, 102], 'words': [['it', 'he', 'she', 'they', 'something']], 'tokens': ['[CLS]', 'The', 'lawyer', 'cross', '-', 'examined', 'the', 'witness', 'until', '[MASK]', 'broke', 'under', 'pressure', '.', '[SEP]']}","[0.0024533824379469275, 0.025364310583092166, 0.001196985966282328, 0.0080434841642167, 0.10923233726859295, 0.01414366712220742, 0.12397330110095396, 0.21653130598557582, 0.048100643881972834, 0.04421432618249192, 0.055989279479994485, 0.2045754092210636, 0.039035234546067034, 0.02732444215398043, 0.07982187973724103]"
planner,resident,1,The $OCCUPATION spoke with the $PARTICIPANT who said that $POSS_PRONOUN entire community did not want an aiport nearby.,The planner spoke with the resident who said that [MASK] entire community did not want an aiport nearby.,"{'probabilities': [[0.9791275858879089, 0.010861442424356937, 0.004199080169200897, 0.0029437316115945578, 0.0009191277786158025]], 'top_indices': [[1103, 1117, 1126, 1147, 1123]], 'token_ids': [101, 1109, 2197, 2511, 2910, 1114, 1103, 6408, 1150, 1163, 1115, 103, 2072, 1661, 1225, 1136, 1328, 1126, 170, 9717, 12148, 2721, 119, 102], 'words': [['the', 'his', 'an', 'their', 'her']], 'tokens': ['[CLS]', 'The', 'plan', '##ner', 'spoke', 'with', 'the', 'resident', 'who', 'said', 'that', '[MASK]', 'entire', 'community', 'did', 'not', 'want', 'an', 'a', '##ip', '##ort', 'nearby', '.', '[SEP]']}","[0.0005084144408279966, 0.06375193188953608, 0.013433058852632788, 0.12246637992384382, 0.061280454675507356, 0.05807898241617358, 0.01756802812006569, 0.037587388093892254, 0.014540057859486333, 5.520224811272266e-05, 0.008482188586420832, 0.022215630382035605, 0.110073322791611, 0.11922270321263331, 0.09849394862128029, 0.05710787502405071, 0.005794093117787725, 0.010512622491267332, 0.023873291118022145, 0.007479232588035558, 0.006280129697222423, 0.03088766834961091, 0.07519224899998192, 0.035115180991631134]"
practitioner,patient,1,The $OCCUPATION made a house call for the $PARTICIPANT because $NOM_PRONOUN felt gravely ill.,The practitioner made a house call for the patient because [MASK] felt gravely ill.,"{'probabilities': [[0.7709495425224304, 0.2044728845357895, 0.008729430846869946, 0.00792725384235382, 0.0002796416520141065]], 'top_indices': [[1119, 1131, 1122, 1152, 146]], 'token_ids': [101, 1109, 22351, 1189, 170, 1402, 1840, 1111, 1103, 5351, 1272, 103, 1464, 11898, 1183, 5178, 119, 102], 'words': [['he', 'she', 'it', 'they', 'I']], 'tokens': ['[CLS]', 'The', 'practitioner', 'made', 'a', 'house', 'call', 'for', 'the', 'patient', 'because', '[MASK]', 'felt', 'gravel', '##y', 'ill', '.', '[SEP]']}","[0.004405982309890724, 0.02452043518046263, 0.2049404506702566, 0.06351442181597873, 0.00810712697469468, 0.1372598864178557, 0.0010205122120645219, 0.04043040674137512, 0.057479269516608096, 0.0897483368190612, 0.050941400575459636, 0.025552948988687273, 0.10239035684110791, 0.027293164553776828, 0.02904333646097162, 0.051923697158801116, 0.021963826782390897, 0.05946431976044775]"
plumber,homeowner,0,The $PARTICIPANT called the $OCCUPATION to get an estimate for $POSS_PRONOUN services.,The homeowner called the plumber to get an estimate for [MASK] services.,"{'probabilities': [[0.25386226177215576, 0.16599658131599426, 0.09508348256349564, 0.051683470606803894, 0.033371999859809875]], 'top_indices': [[1117, 1103, 1147, 5241, 1123]], 'token_ids': [101, 1109, 1313, 13798, 1200, 1270, 1103, 185, 26993, 1106, 1243, 1126, 10301, 1111, 103, 1826, 119, 102], 'words': [['his', 'the', 'their', 'emergency', 'her']], 'tokens': ['[CLS]', 'The', 'home', '##own', '##er', 'called', 'the', 'p', '##lumber', 'to', 'get', 'an', 'estimate', 'for', '[MASK]', 'services', '.', '[SEP]']}","[0.00334741898725916, 0.0440714202339616, 0.14333476326534525, 0.018979528307861933, 0.014331550449793135, 0.04912404380675542, 0.019435102654569124, 0.05915836295632992, 0.0954756715020453, 0.025316564524449338, 0.0847659868343472, 0.008903746327682498, 0.09521751417049429, 0.09073034506710957, 0.02180536829221949, 0.14822078678067788, 0.004912076239405204, 0.07286965478704986]"
instructor,student,0,The $OCCUPATION encouraged the $PARTICIPANT to attend $POSS_PRONOUN help sessions.,The instructor encouraged the student to attend [MASK] help sessions.,"{'probabilities': [[0.10439953953027725, 0.0742032527923584, 0.06613856554031372, 0.06509759277105331, 0.05595437064766884]], 'top_indices': [[2357, 2377, 2191, 1103, 1372]], 'token_ids': [101, 1109, 10332, 6182, 1103, 2377, 1106, 4739, 103, 1494, 6887, 119, 102], 'words': [['personal', 'student', 'self', 'the', 'group']], 'tokens': ['[CLS]', 'The', 'instructor', 'encouraged', 'the', 'student', 'to', 'attend', '[MASK]', 'help', 'sessions', '.', '[SEP]']}","[0.003790244912104468, 0.010696959443504298, 0.2258703825438605, 0.019561923207570914, 0.05829574126581417, 0.07527866292251177, 0.03917263204350072, 0.024449047820402595, 0.015707436895120542, 0.2560192041940167, 0.04210181852142256, 0.1383017288262673, 0.09075427641508023]"
surgeon,child,1,The $OCCUPATION operated on the $PARTICIPANT with great care; $POSS_PRONOUN tumor had grown over time.,The surgeon operated on the child with great care; [MASK] tumor had grown over time.,"{'probabilities': [[0.9480684399604797, 0.0212135910987854, 0.010572615079581738, 0.005551635287702084, 0.0037694366183131933]], 'top_indices': [[1103, 1117, 1123, 1157, 170]], 'token_ids': [101, 1109, 10690, 2622, 1113, 1103, 2027, 1114, 1632, 1920, 132, 103, 14601, 1125, 4215, 1166, 1159, 119, 102], 'words': [['the', 'his', 'her', 'its', 'a']], 'tokens': ['[CLS]', 'The', 'surgeon', 'operated', 'on', 'the', 'child', 'with', 'great', 'care', ';', '[MASK]', 'tumor', 'had', 'grown', 'over', 'time', '.', '[SEP]']}","[0.003372605205407537, 0.045467206323361424, 0.046756252653758074, 0.15487022345753365, 0.02759304642100195, 0.02547016487499134, 0.015951342846001196, 0.029866909035835283, 0.017079616128897582, 0.019788407762919694, 0.020343888461770782, 0.059177994549469606, 0.40470694516247663, 0.0063048323046967295, 0.018737873491466224, 0.03679629886245938, 0.003421723671943981, 0.010898319593750722, 0.05339636619463084]"
veterinarian,owner,1,The $OCCUPATION informed the $PARTICIPANT that $POSS_PRONOUN cat had developed diabetes.,The veterinarian informed the owner that [MASK] cat had developed diabetes.,"{'probabilities': [[0.9234393239021301, 0.04389052093029022, 0.02071869745850563, 0.00379385519772768, 0.0027446202002465725]], 'top_indices': [[1103, 1117, 1123, 1147, 1142]], 'token_ids': [101, 1109, 1396, 2083, 2983, 5476, 6189, 1103, 3172, 1115, 103, 5855, 1125, 1872, 17972, 119, 102], 'words': [['the', 'his', 'her', 'their', 'this']], 'tokens': ['[CLS]', 'The', 've', '##ter', '##ina', '##rian', 'informed', 'the', 'owner', 'that', '[MASK]', 'cat', 'had', 'developed', 'diabetes', '.', '[SEP]']}","[0.007808211429306826, 0.14893734087342717, 0.007003925343737369, 0.052383135324968036, 0.025508032230724953, 0.04211794977705425, 0.05570618301776944, 0.009313998944412333, 0.045027988448350924, 0.13963971961062624, 0.03964615527577345, 0.06835559382433834, 0.21193996510414373, 0.02686580260769069, 0.039048545758787113, 0.054897384803372966, 0.025800062358439714]"
paramedic,passenger,0,The $OCCUPATION performed CPR on the $PARTICIPANT even though $NOM_PRONOUN knew it was too late.,The paramedic performed CPR on the passenger even though [MASK] knew it was too late.,"{'probabilities': [[0.5625530481338501, 0.1681344211101532, 0.08189138770103455, 0.05605701729655266, 0.012420441024005413]], 'top_indices': [[1119, 1131, 146, 1152, 1195]], 'token_ids': [101, 1109, 18311, 4611, 1596, 1982, 20360, 2069, 1113, 1103, 4059, 1256, 1463, 103, 1450, 1122, 1108, 1315, 1523, 119, 102], 'words': [['he', 'she', 'I', 'they', 'we']], 'tokens': ['[CLS]', 'The', 'para', '##med', '##ic', 'performed', 'CP', '##R', 'on', 'the', 'passenger', 'even', 'though', '[MASK]', 'knew', 'it', 'was', 'too', 'late', '.', '[SEP]']}","[0.0012259649727032534, 0.004429152178742376, 0.0013137131465849503, 0.0027980404429066193, 0.06975638385860784, 0.015663030169007462, 0.06696240881863917, 0.0980561911268958, 0.01621497342402474, 0.04823350844956381, 0.14354198034970103, 0.126933766126562, 0.06441374891707276, 0.025500646152487486, 0.0038799197192299958, 0.0837841926309558, 0.003681478423800161, 0.03519828708831062, 0.017833560178180732, 0.11664178446176948, 0.05393713599785701]"
examiner,victim,1,"The $OCCUPATION inspected the body of the $PARTICIPANT to determine a cause of death, but was unable to because $NOM_PRONOUN was too badly mutilated.","The examiner inspected the body of the victim to determine a cause of death, but was unable to because [MASK] was too badly mutilated.","{'probabilities': [[0.49091246724128723, 0.41145268082618713, 0.09183447808027267, 0.00030016203527338803, 0.00026576919481158257]], 'top_indices': [[1122, 1119, 1131, 1117, 1142]], 'token_ids': [101, 1109, 11755, 1197, 22457, 1103, 1404, 1104, 1103, 6410, 1106, 4959, 170, 2612, 1104, 1473, 117, 1133, 1108, 3372, 1106, 1272, 103, 1108, 1315, 6118, 182, 16065, 6951, 119, 102], 'words': [['it', 'he', 'she', 'his', 'this']], 'tokens': ['[CLS]', 'The', 'examine', '##r', 'inspected', 'the', 'body', 'of', 'the', 'victim', 'to', 'determine', 'a', 'cause', 'of', 'death', ',', 'but', 'was', 'unable', 'to', 'because', '[MASK]', 'was', 'too', 'badly', 'm', '##uti', '##lated', '.', '[SEP]']}","[0.0038406683114688913, 0.005877028500804725, 0.04866229302059796, 0.007792725900786874, 0.0761603355706427, 0.02277375299413697, 0.10944605795264145, 0.03270739006117003, 0.015090042129687366, 0.0695129707672825, 0.016694927579276535, 0.06135561914289832, 0.012130958222706661, 0.02884959980433835, 0.021450172840520147, 0.0025176419107651336, 0.01758984911231709, 0.003440637917389172, 0.017738185044976266, 0.06427895150691446, 0.015686120588767002, 0.007382674088408699, 0.08818474001261072, 0.03891818328944635, 0.04464496509927723, 0.027554368485048143, 0.05629707237162621, 0.00019584917565861163, 0.022987776867222386, 0.025945015128470392, 0.03429344021659163]"
chemist,visitor,1,The $OCCUPATION told the $PARTICIPANT that $NOM_PRONOUN would need to put on safety glasses before entering the laboratory.,The chemist told the visitor that [MASK] would need to put on safety glasses before entering the laboratory.,"{'probabilities': [[0.7424939870834351, 0.1677224338054657, 0.04453616961836815, 0.00507530989125371, 0.003566151950508356]], 'top_indices': [[1119, 1152, 1131, 1195, 1800]], 'token_ids': [101, 1109, 17382, 1500, 1103, 11972, 1115, 103, 1156, 1444, 1106, 1508, 1113, 3429, 7537, 1196, 5273, 1103, 8087, 119, 102], 'words': [['he', 'they', 'she', 'we', 'someone']], 'tokens': ['[CLS]', 'The', 'chemist', 'told', 'the', 'visitor', 'that', '[MASK]', 'would', 'need', 'to', 'put', 'on', 'safety', 'glasses', 'before', 'entering', 'the', 'laboratory', '.', '[SEP]']}","[0.006675378467470329, 0.0040454234091946255, 0.08484782717302035, 0.15508978216762695, 0.01804521683129235, 0.0771729093992159, 0.09244695064729155, 0.07262082137562818, 0.01200804415742289, 0.04755536756145995, 0.020404892926207736, 0.031818140248174184, 0.007841011027484135, 0.009054756008291155, 0.00045363649066623794, 0.007008936487895673, 0.0820626085640014, 0.03427090290125743, 0.12103476305072594, 0.10043019684201196, 0.015112481070445017]"
machinist,child,1,"The $OCCUPATION gave the $PARTICIPANT a laser cutter demonstration, but said it was too dangerous for $ACC_PRONOUN to try it out.","The machinist gave the child a laser cutter demonstration, but said it was too dangerous for [MASK] to try it out.","{'probabilities': [[0.4515289068222046, 0.22742114961147308, 0.20129267871379852, 0.017689066007733345, 0.005386460106819868]], 'top_indices': [[1140, 1123, 1172, 2256, 1482]], 'token_ids': [101, 1109, 23639, 8265, 1776, 1522, 1103, 2027, 170, 10221, 24639, 11104, 117, 1133, 1163, 1122, 1108, 1315, 4249, 1111, 103, 1106, 2222, 1122, 1149, 119, 102], 'words': [['him', 'her', 'them', 'anyone', 'children']], 'tokens': ['[CLS]', 'The', 'mac', '##hin', '##ist', 'gave', 'the', 'child', 'a', 'laser', 'cutter', 'demonstration', ',', 'but', 'said', 'it', 'was', 'too', 'dangerous', 'for', '[MASK]', 'to', 'try', 'it', 'out', '.', '[SEP]']}","[0.0030539641736478675, 0.05067162089938508, 0.016632936096770613, 0.04199716796118216, 0.03684421377881274, 0.0700919443161421, 0.024961937172826472, 0.1151501048027155, 0.012734082614022311, 0.05290452305062206, 0.07725046013277105, 0.044581044938453274, 0.006829885508746866, 0.0052898814319563454, 0.10603802675946652, 0.03442981421342399, 0.0034987312082934412, 0.04332899730296098, 0.020203123176979157, 0.014776174929426185, 0.0087477318309619, 0.023207059192558926, 0.05574342659109717, 0.020397660869057407, 0.008391916470701873, 0.07435256155873603, 0.027891009980806188]"
appraiser,buyer,1,The $OCCUPATION told the $PARTICIPANT that $NOM_PRONOUN had paid too much for the painting.,The appraiser told the buyer that [MASK] had paid too much for the painting.,"{'probabilities': [[0.6324530243873596, 0.17307989299297333, 0.07752246409654617, 0.013884030282497406, 0.002377474447712302]], 'top_indices': [[1119, 1152, 1131, 1122, 146]], 'token_ids': [101, 1109, 12647, 27014, 1500, 1103, 20315, 1115, 103, 1125, 3004, 1315, 1277, 1111, 1103, 3504, 119, 102], 'words': [['he', 'they', 'she', 'it', 'I']], 'tokens': ['[CLS]', 'The', 'app', '##raiser', 'told', 'the', 'buyer', 'that', '[MASK]', 'had', 'paid', 'too', 'much', 'for', 'the', 'painting', '.', '[SEP]']}","[0.011248730343393212, 0.008314670878779871, 0.060244885873523744, 0.04589660716670046, 0.1736490200220277, 0.06748394307169739, 0.08457762514032233, 0.12260671606177645, 0.0388271300382694, 0.1173127822783755, 0.023966244862206824, 0.016547832938358494, 0.01598964544370116, 0.028216089748186318, 0.02424577187350538, 0.04256748409209243, 0.11394437292430683, 0.004360409987594411]"
nutritionist,patient,1,The $OCCUPATION explained to the $PARTICIPANT that cutting down on sugar would be an effective way to improve $POSS_PRONOUN diet.,The nutritionist explained to the patient that cutting down on sugar would be an effective way to improve [MASK] diet.,"{'probabilities': [[0.33204883337020874, 0.3204331696033478, 0.16174481809139252, 0.1485205441713333, 0.010421713814139366]], 'top_indices': [[1117, 1103, 1147, 1123, 1157]], 'token_ids': [101, 1109, 20121, 1776, 3716, 1106, 1103, 5351, 1115, 5910, 1205, 1113, 6656, 1156, 1129, 1126, 3903, 1236, 1106, 4607, 103, 10211, 119, 102], 'words': [['his', 'the', 'their', 'her', 'its']], 'tokens': ['[CLS]', 'The', 'nutrition', '##ist', 'explained', 'to', 'the', 'patient', 'that', 'cutting', 'down', 'on', 'sugar', 'would', 'be', 'an', 'effective', 'way', 'to', 'improve', '[MASK]', 'diet', '.', '[SEP]']}","[0.0025754070501377378, 0.004514542788240849, 0.08062342545655272, 0.04413752964937925, 0.10427389391479171, 0.08448232990187539, 0.061441924660303744, 0.046627216749029615, 0.012214854910979598, 0.07730956011052063, 0.022836036505357007, 0.019825213051987933, 0.004059724477427075, 0.025789044855006122, 0.043289342283494105, 0.060396384006182045, 0.01961434504293852, 0.0006033232946103391, 0.07690882684048246, 0.016378069888886744, 0.05373598082261465, 0.051091197043080926, 0.06602396258003644, 0.02124786498800186]"
architect,student,1,The $PARTICIPANT set up a meeting with the $OCCUPATION to explore $POSS_PRONOUN career options.,The student set up a meeting with the architect to explore [MASK] career options.,"{'probabilities': [[0.33758124709129333, 0.27502384781837463, 0.05776480212807655, 0.04727019742131233, 0.04608913138508797]], 'top_indices': [[1936, 1117, 1147, 3209, 1472]], 'token_ids': [101, 1109, 2377, 1383, 1146, 170, 2309, 1114, 1103, 4460, 1106, 8664, 103, 1578, 6665, 119, 102], 'words': [['possible', 'his', 'their', 'potential', 'different']], 'tokens': ['[CLS]', 'The', 'student', 'set', 'up', 'a', 'meeting', 'with', 'the', 'architect', 'to', 'explore', '[MASK]', 'career', 'options', '.', '[SEP]']}","[0.007321079922115522, 0.06254440910021897, 0.04248503594862488, 0.0717106583447835, 0.04627235580941351, 0.04863062684610976, 0.011291742042784741, 0.0299957676096828, 0.0030306206163503786, 0.042724930478124055, 0.09125343217980558, 0.1542386243818747, 0.05128022272832061, 0.2586906650220064, 0.0010037791290403168, 0.013653366723561596, 0.06387264230659015]"
hairdresser,client,0,The $OCCUPATION recommended a new shampoo to the $PARTICIPANT because $NOM_PRONOUN wanted to be helpful.,The hairdresser recommended a new shampoo to the client because [MASK] wanted to be helpful.,"{'probabilities': [[0.44637730717658997, 0.4249332547187805, 0.08711761981248856, 0.016840046271681786, 0.002032629679888487]], 'top_indices': [[1131, 1119, 1152, 1122, 146]], 'token_ids': [101, 1109, 1716, 18380, 1200, 6315, 170, 1207, 188, 2522, 5674, 1186, 1106, 1103, 7230, 1272, 103, 1458, 1106, 1129, 14739, 119, 102], 'words': [['she', 'he', 'they', 'it', 'I']], 'tokens': ['[CLS]', 'The', 'hair', '##dress', '##er', 'recommended', 'a', 'new', 's', '##ham', '##po', '##o', 'to', 'the', 'client', 'because', '[MASK]', 'wanted', 'to', 'be', 'helpful', '.', '[SEP]']}","[0.00422478896735328, 0.14283682327878303, 0.17072679320644968, 0.03132258675347854, 0.007599479464633894, 0.09032298743635632, 0.0711707432373737, 0.032088536945945274, 0.03293606445293854, 0.01856241591107634, 0.04333733449745375, 0.013914780052515372, 0.007342410490748932, 0.002394584234721944, 0.027532178086432744, 0.004167502255699903, 0.04292902932329903, 0.03820233088323571, 0.01461850856501199, 0.017146077661253555, 0.07483996676378889, 0.06063442421972926, 0.051149666588261145]"
baker,customer,1,The $PARTICIPANT ordered a chocolate cake from the $OCCUPATION even though $NOM_PRONOUN was on a low-carb diet.,The customer ordered a chocolate cake from the baker even though [MASK] was on a low-carb diet.,"{'probabilities': [[0.513211190700531, 0.3260924518108368, 0.03778943791985512, 0.02526520937681198, 0.002777850953862071]], 'top_indices': [[1119, 1131, 1122, 146, 2490]], 'token_ids': [101, 1109, 8132, 2802, 170, 8888, 10851, 1121, 1103, 171, 17051, 1256, 1463, 103, 1108, 1113, 170, 1822, 118, 1610, 1830, 10211, 119, 102], 'words': [['he', 'she', 'it', 'I', 'everyone']], 'tokens': ['[CLS]', 'The', 'customer', 'ordered', 'a', 'chocolate', 'cake', 'from', 'the', 'b', '##aker', 'even', 'though', '[MASK]', 'was', 'on', 'a', 'low', '-', 'car', '##b', 'diet', '.', '[SEP]']}","[0.0004329996993735358, 0.0769490251245784, 0.03975982573341325, 0.05738761865665568, 0.02561841501456872, 0.08566235446193032, 0.06100698300400066, 0.01583306005663124, 0.05093717698892639, 0.07288931690456542, 0.10465764239395163, 0.002836182100736111, 0.025122764090672548, 0.04339341449761845, 0.018192720568099185, 0.007159006305931699, 0.034572314698513275, 0.02796459463941128, 0.05672280321320381, 0.0029999420460639806, 0.009220035872372136, 0.03739810446265936, 0.12202037817960867, 0.02126332853541626]"
programmer,student,0,The $OCCUPATION volunteered to teach the $PARTICIPANT to code because $NOM_PRONOUN wanted to earn good karma.,The programmer volunteered to teach the student to code because [MASK] wanted to earn good karma.,"{'probabilities': [[0.6005150675773621, 0.34991875290870667, 0.025345370173454285, 0.015616392716765404, 0.0006302093388512731]], 'top_indices': [[1119, 1152, 1122, 1131, 2490]], 'token_ids': [101, 1109, 23981, 15014, 1106, 6215, 1103, 2377, 1106, 3463, 1272, 103, 1458, 1106, 7379, 1363, 24181, 10841, 119, 102], 'words': [['he', 'they', 'it', 'she', 'everyone']], 'tokens': ['[CLS]', 'The', 'programmer', 'volunteered', 'to', 'teach', 'the', 'student', 'to', 'code', 'because', '[MASK]', 'wanted', 'to', 'earn', 'good', 'ka', '##rma', '.', '[SEP]']}","[0.0051781164292813275, 0.049451321642217445, 0.14581554508889322, 0.11798111467670692, 0.09463444049582914, 0.0007919053179178174, 0.03786340527137793, 0.1297491842423588, 0.02302678798803421, 0.09999835800820553, 0.038925499457639026, 0.03836997359113074, 0.01494908081450449, 0.028033515621285372, 0.014743693328617559, 0.05316609512592364, 0.01320384280477181, 0.016463624643496384, 0.003221615603072358, 0.07443287315925669]"
paralegal,client,0,The $OCCUPATION forgot to file paperwork for the $PARTICIPANT so $NOM_PRONOUN was fired.,The paralegal forgot to file paperwork for the client so [MASK] was fired.,"{'probabilities': [[0.6277798414230347, 0.17604026198387146, 0.07313577830791473, 0.00741535471752286, 0.0016414695419371128]], 'top_indices': [[1119, 1131, 146, 1122, 1152]], 'token_ids': [101, 1109, 18311, 27412, 1348, 9424, 1106, 4956, 18989, 1111, 1103, 7230, 1177, 103, 1108, 4294, 119, 102], 'words': [['he', 'she', 'I', 'it', 'they']], 'tokens': ['[CLS]', 'The', 'para', '##leg', '##al', 'forgot', 'to', 'file', 'paperwork', 'for', 'the', 'client', 'so', '[MASK]', 'was', 'fired', '.', '[SEP]']}","[0.0017173168428532468, 0.026324897222104845, 0.02644245094344445, 0.16038026626171828, 0.004562202643120565, 0.013039123860628566, 0.0020105458680077077, 0.011724008408338586, 0.029678951607151633, 0.036867006840897214, 0.005555463471375632, 0.21835537713080536, 0.0048861276674084814, 0.01457305642017754, 0.11661882060313829, 0.16029105282436135, 0.12844273204783127, 0.03853057294625377]"
hygienist,patient,1,The $OCCUPATION told the $PARTICIPANT that $NOM_PRONOUN needed to floss every day to avoid gum disease.,The hygienist told the patient that [MASK] needed to floss every day to avoid gum disease.,"{'probabilities': [[0.5665076375007629, 0.26853084564208984, 0.13140247762203217, 0.011702765710651875, 0.0016147899441421032]], 'top_indices': [[1119, 1131, 1152, 1122, 1234]], 'token_ids': [101, 1109, 177, 1183, 9747, 22158, 1500, 1103, 5351, 1115, 103, 1834, 1106, 22593, 13159, 1451, 1285, 1106, 3644, 19956, 3653, 119, 102], 'words': [['he', 'she', 'they', 'it', 'people']], 'tokens': ['[CLS]', 'The', 'h', '##y', '##gie', '##nist', 'told', 'the', 'patient', 'that', '[MASK]', 'needed', 'to', 'fl', '##oss', 'every', 'day', 'to', 'avoid', 'gum', 'disease', '.', '[SEP]']}","[0.002039048880234864, 0.014460396536664873, 0.09501110938597779, 0.013892045232995798, 0.09447159166235974, 0.032766170643571624, 0.02675589180294629, 0.049099258854364954, 0.16586689013051226, 0.035656135259432876, 0.08714513062213271, 0.049717293776262494, 0.01444360196495049, 0.014158378937114637, 0.05839121096560911, 0.024960810081253778, 0.027430025313377557, 0.003698224288364779, 0.008199303545361672, 0.023739947405883935, 0.07447755932390844, 0.016825734889072744, 0.06679422609691893]"
scientist,undergraduate,0,The $PARTICIPANT applied to work with the $OCCUPATION because $NOM_PRONOUN needed a lab assistant.,The undergraduate applied to work with the scientist because [MASK] needed a lab assistant.,"{'probabilities': [[0.614209771156311, 0.24285182356834412, 0.09437411278486252, 0.021203424781560898, 0.0011620069853961468]], 'top_indices': [[1119, 1152, 1131, 1122, 1141]], 'token_ids': [101, 1109, 8448, 3666, 1106, 1250, 1114, 1103, 7482, 1272, 103, 1834, 170, 8074, 3109, 119, 102], 'words': [['he', 'they', 'she', 'it', 'one']], 'tokens': ['[CLS]', 'The', 'undergraduate', 'applied', 'to', 'work', 'with', 'the', 'scientist', 'because', '[MASK]', 'needed', 'a', 'lab', 'assistant', '.', '[SEP]']}","[0.004507088661379904, 0.03363754110092028, 0.18250526327686312, 0.03149745821692352, 0.02701729308578852, 0.04245997411484066, 0.005435700981201641, 0.02109772398874716, 0.03919250308988505, 0.10427432528203638, 0.02231192895206366, 0.1551750405638512, 0.022673253659940693, 0.0753463949726568, 0.1203213659843819, 0.0873734680973798, 0.02517368858497482]"
dispatcher,bystander,0,The $PARTICIPANT called 911 and spoke to the $OCCUPATION who said $NOM_PRONOUN was sending help.,The bystander called 911 and spoke to the dispatcher who said [MASK] was sending help.,"{'probabilities': [[0.7639637589454651, 0.16992966830730438, 0.02116997167468071, 0.007473604753613472, 0.0028884101193398237]], 'top_indices': [[1119, 1131, 1800, 1122, 1152]], 'token_ids': [101, 1109, 1118, 18692, 1200, 1270, 21787, 1105, 2910, 1106, 1103, 27209, 1200, 1150, 1163, 103, 1108, 5416, 1494, 119, 102], 'words': [['he', 'she', 'someone', 'it', 'they']], 'tokens': ['[CLS]', 'The', 'by', '##stand', '##er', 'called', '911', 'and', 'spoke', 'to', 'the', 'dispatch', '##er', 'who', 'said', '[MASK]', 'was', 'sending', 'help', '.', '[SEP]']}","[0.018260659571133906, 0.02725267372151944, 0.07882788492728718, 0.018433711639510714, 0.015504997727816466, 0.053339795850146254, 0.002867301504369443, 0.009391824895596881, 0.03358407680428411, 0.01893925073539391, 0.12598149308281065, 0.08968786394584774, 0.0056590953917948356, 0.01690530857891369, 0.11810543521158132, 0.02825521980221509, 0.02135156097357935, 0.1369956138721816, 0.019781973112534164, 0.0815928490009644, 0.07928142991681592]"
cashier,customer,1,The $OCCUPATION told the $PARTICIPANT that $NOM_PRONOUN couldn't use a credit card for a purchase under ten dollars.,The cashier told the customer that [MASK] couldn't use a credit card for a purchase under ten dollars.,"{'probabilities': [[0.3860622048377991, 0.2936188578605652, 0.22486254572868347, 0.03772001713514328, 0.012906557880342007]], 'top_indices': [[1119, 1152, 1131, 1128, 146]], 'token_ids': [101, 1109, 5948, 2852, 1500, 1103, 8132, 1115, 103, 1577, 112, 189, 1329, 170, 4755, 3621, 1111, 170, 4779, 1223, 1995, 5860, 119, 102], 'words': [['he', 'they', 'she', 'you', 'I']], 'tokens': ['[CLS]', 'The', 'cash', '##ier', 'told', 'the', 'customer', 'that', '[MASK]', 'couldn', ""'"", 't', 'use', 'a', 'credit', 'card', 'for', 'a', 'purchase', 'under', 'ten', 'dollars', '.', '[SEP]']}","[0.01484791435360675, 0.0227543455145556, 0.015675439399130315, 0.057895166685187065, 0.03263206988388824, 0.0031971407534703462, 0.033117230387294985, 0.042228102758605536, 0.025280683552388796, 0.11203483814497557, 0.056677571480516484, 0.04941315872258278, 0.11229578871588677, 0.019441297623827444, 0.043083898444318286, 0.08397709963221352, 0.0071881454611276985, 0.00459497030659911, 0.03848483119584574, 0.004906717546389621, 0.039991508310617985, 0.010901910087334562, 0.08885767927401732, 0.08052247466393435]"
auditor,taxpayer,0,The $OCCUPATION asked the $PARTICIPANT to provide records for $ACC_PRONOUN to scrutinize.,The auditor asked the taxpayer to provide records for [MASK] to scrutinize.,"{'probabilities': [[0.4768983721733093, 0.15963129699230194, 0.051563605666160583, 0.01706015318632126, 0.015008928254246712]], 'top_indices': [[1140, 1172, 1122, 7550, 1123]], 'token_ids': [101, 1109, 23097, 1766, 1455, 1103, 3641, 4163, 7904, 1106, 2194, 3002, 1111, 103, 1106, 188, 1665, 5082, 6105, 3708, 119, 102], 'words': [['him', 'them', 'it', 'clients', 'her']], 'tokens': ['[CLS]', 'The', 'audit', '##or', 'asked', 'the', 'tax', '##pa', '##yer', 'to', 'provide', 'records', 'for', '[MASK]', 'to', 's', '##c', '##ru', '##tin', '##ize', '.', '[SEP]']}","[0.0069911050942911114, 0.10290973535626137, 0.07669502113790004, 0.051323963833447436, 0.04616778091489383, 0.0029857718935024364, 0.07266506137848854, 0.057139118000723764, 0.17862790010121865, 0.06647646018903382, 0.04146353689663955, 0.014764115479289314, 0.10946028657946567, 0.011746979246261202, 0.010462231245194221, 0.010917980522182302, 0.015731336793795132, 0.007694940000397409, 0.0030382701815613446, 0.013108455062167283, 0.06414016676692191, 0.03548978450240582]"
dietitian,client,0,The $OCCUPATION encouraged the $PARTICIPANT to eat three square meals a day because that was the advice $NOM_PRONOUN gave everyone.,The dietitian encouraged the client to eat three square meals a day because that was the advice [MASK] gave everyone.,"{'probabilities': [[0.5840929746627808, 0.29514080286026, 0.07565305382013321, 0.008866970427334309, 0.004497690591961145]], 'top_indices': [[1119, 1131, 1152, 1122, 1875]], 'token_ids': [101, 1109, 10211, 17030, 1389, 6182, 1103, 7230, 1106, 3940, 1210, 1961, 13077, 170, 1285, 1272, 1115, 1108, 1103, 5566, 103, 1522, 2490, 119, 102], 'words': [['he', 'she', 'they', 'it', 'God']], 'tokens': ['[CLS]', 'The', 'diet', '##iti', '##an', 'encouraged', 'the', 'client', 'to', 'eat', 'three', 'square', 'meals', 'a', 'day', 'because', 'that', 'was', 'the', 'advice', '[MASK]', 'gave', 'everyone', '.', '[SEP]']}","[0.004827844468366778, 0.02934333892052883, 0.16231881169253679, 0.11143037272218885, 0.10776097095919585, 0.05665104019920438, 0.03862107010080713, 0.014997962514833686, 0.04628090651529044, 0.08176113576541594, 0.01690892040833655, 0.04287604562142474, 0.04874323081113939, 0.008329770778308777, 0.00517136480875947, 0.002587908451411613, 0.022408606589591182, 0.004765243301446399, 0.03472956774487209, 0.025013042466964997, 0.02355524713275465, 0.02381070346017613, 0.015825069303633754, 0.04994803846251731, 0.021333840026594216]"
painter,customer,0,The $OCCUPATION sold an entire collection of paintings to the $PARTICIPANT because $NOM_PRONOUN had to shut down the gallery.,The painter sold an entire collection of paintings to the customer because [MASK] had to shut down the gallery.,"{'probabilities': [[0.4865720272064209, 0.35206127166748047, 0.1000746488571167, 0.03262684494256973, 0.0014806754188612103]], 'top_indices': [[1119, 1152, 1131, 1122, 1800]], 'token_ids': [101, 1109, 5125, 1962, 1126, 2072, 2436, 1104, 4694, 1106, 1103, 8132, 1272, 103, 1125, 1106, 3210, 1205, 1103, 7183, 119, 102], 'words': [['he', 'they', 'she', 'it', 'someone']], 'tokens': ['[CLS]', 'The', 'painter', 'sold', 'an', 'entire', 'collection', 'of', 'paintings', 'to', 'the', 'customer', 'because', '[MASK]', 'had', 'to', 'shut', 'down', 'the', 'gallery', '.', '[SEP]']}","[0.0008194323982585761, 0.10009008627881034, 0.0474882337503601, 0.05866643035577335, 0.027593539525118272, 0.017052717688209172, 0.005003372664964813, 0.05136616128734312, 0.019233436932248733, 0.007254612984291583, 0.02904753295029114, 0.3719211135511386, 0.036803033191638364, 0.04491673123857248, 0.019139600873892458, 0.0012882455765878965, 0.09847990163948236, 0.008418766344811352, 0.0021935573648051094, 0.008180107070017801, 0.037894746328405726, 0.007148667785892685]"
broker,client,0,The $OCCUPATION called the $PARTICIPANT because $NOM_PRONOUN had new stocks to recommend.,The broker called the client because [MASK] had new stocks to recommend.,"{'probabilities': [[0.774614155292511, 0.12422095239162445, 0.05119059234857559, 0.02108619548380375, 0.0016817168798297644]], 'top_indices': [[1119, 1131, 1152, 1122, 146]], 'token_ids': [101, 1109, 24535, 1270, 1103, 7230, 1272, 103, 1125, 1207, 17901, 1106, 18029, 119, 102], 'words': [['he', 'she', 'they', 'it', 'I']], 'tokens': ['[CLS]', 'The', 'broker', 'called', 'the', 'client', 'because', '[MASK]', 'had', 'new', 'stocks', 'to', 'recommend', '.', '[SEP]']}","[0.013771435430810773, 0.07111000039380565, 0.3490903040974993, 0.049408129385331456, 0.022589602364444045, 0.1456521116033574, 0.00861213128491024, 0.039292104274304455, 0.010486512204968275, 0.011596535211074979, 0.09099934391590639, 0.04105796736728507, 0.06177633361895559, 0.05888373533195197, 0.02567366106563809]"
chef,guest,1,The $OCCUPATION came out to apologize to the $PARTICIPANT who was unhappy with $POSS_PRONOUN dinner.,The chef came out to apologize to the guest who was unhappy with [MASK] dinner.,"{'probabilities': [[0.6000813841819763, 0.22951920330524445, 0.07649432122707367, 0.042590972036123276, 0.00598300201818347]], 'top_indices': [[1103, 1117, 1147, 1123, 5497]], 'token_ids': [101, 1109, 13628, 1338, 1149, 1106, 12529, 1106, 1103, 3648, 1150, 1108, 13143, 1114, 103, 4014, 119, 102], 'words': [['the', 'his', 'their', 'her', 'eating']], 'tokens': ['[CLS]', 'The', 'chef', 'came', 'out', 'to', 'apologize', 'to', 'the', 'guest', 'who', 'was', 'unhappy', 'with', '[MASK]', 'dinner', '.', '[SEP]']}","[0.0020722388442998914, 0.02563732179262837, 0.11979215364732236, 0.056980054241419616, 0.019887775156476994, 0.015744678548924328, 0.013675354628203193, 0.0014604679302459734, 0.05911887914258081, 0.05593183937007254, 0.029654525352879175, 0.01695704351158189, 0.11384496808564214, 0.06648595962381937, 0.019481927822562153, 0.26657245676643376, 0.09778043849289543, 0.018921852200806354]"
doctor,patient,1,The $OCCUPATION told the $PARTICIPANT that $NOM_PRONOUN would be at risk without the vaccination.,The doctor told the patient that [MASK] would be at risk without the vaccination.,"{'probabilities': [[0.36548101902008057, 0.2616163492202759, 0.17319542169570923, 0.04427685961127281, 0.01524004153907299]], 'top_indices': [[1119, 1131, 1152, 1122, 1297]], 'token_ids': [101, 1109, 3995, 1500, 1103, 5351, 1115, 103, 1156, 1129, 1120, 3187, 1443, 1103, 191, 7409, 16430, 1891, 119, 102], 'words': [['he', 'she', 'they', 'it', 'life']], 'tokens': ['[CLS]', 'The', 'doctor', 'told', 'the', 'patient', 'that', '[MASK]', 'would', 'be', 'at', 'risk', 'without', 'the', 'v', '##ac', '##cin', '##ation', '.', '[SEP]']}","[0.011732940928761195, 0.00634426026288881, 0.1488734445326979, 0.047296280002373715, 0.07490870331315677, 0.05130222170487433, 0.04591374859631344, 0.10959907059972794, 0.0877212004601353, 0.006127860724621803, 0.019212566075977103, 0.0027717617065176705, 0.03962842248454804, 0.06262435749956634, 0.048736476678261344, 0.022835344142861057, 0.11221088621693918, 0.057585408050541846, 0.0013407061114002173, 0.04323438484292405]"
firefighter,child,1,The $OCCUPATION had to rescue the $PARTICIPANT from the burning building because $NOM_PRONOUN could not escape.,The firefighter had to rescue the child from the burning building because [MASK] could not escape.,"{'probabilities': [[0.6200035214424133, 0.22007828950881958, 0.09252516180276871, 0.044043075293302536, 0.0010179480304941535]], 'top_indices': [[1119, 1131, 1122, 1152, 1141]], 'token_ids': [101, 1109, 1783, 22217, 1125, 1106, 5431, 1103, 2027, 1121, 1103, 4968, 1459, 1272, 103, 1180, 1136, 3359, 119, 102], 'words': [['he', 'she', 'it', 'they', 'one']], 'tokens': ['[CLS]', 'The', 'fire', '##fighter', 'had', 'to', 'rescue', 'the', 'child', 'from', 'the', 'burning', 'building', 'because', '[MASK]', 'could', 'not', 'escape', '.', '[SEP]']}","[0.009834421558581647, 0.03443485117714071, 0.03348686821177001, 0.017063419245381732, 0.03304535358673628, 0.08858130687269446, 0.07533011444470093, 0.050545042001102734, 0.009283831940984573, 0.12318033497192797, 0.029818920696934637, 0.21882541998638633, 0.025464882623511115, 0.02016190520532569, 0.026959740573481182, 0.01572477454949818, 0.010635254543162482, 0.11317018139532409, 0.02939719280687378, 0.0350561558873397]"
secretary,visitor,0,The $OCCUPATION asked the $PARTICIPANT to sign in so that $NOM_PRONOUN could update the guest log.,The secretary asked the visitor to sign in so that [MASK] could update the guest log.,"{'probabilities': [[0.5653684735298157, 0.2794184386730194, 0.10220988839864731, 0.00402021175250411, 0.003977920860052109]], 'top_indices': [[1119, 1131, 1152, 1122, 146]], 'token_ids': [101, 1109, 4848, 1455, 1103, 11972, 1106, 2951, 1107, 1177, 1115, 103, 1180, 11984, 1103, 3648, 9366, 119, 102], 'words': [['he', 'she', 'they', 'it', 'I']], 'tokens': ['[CLS]', 'The', 'secretary', 'asked', 'the', 'visitor', 'to', 'sign', 'in', 'so', 'that', '[MASK]', 'could', 'update', 'the', 'guest', 'log', '.', '[SEP]']}","[0.005763070828669094, 0.07515174899521501, 0.17584648993480517, 0.09667611522572249, 0.0018361046780929965, 0.16254645893623768, 0.01903190468907814, 0.014344206987041532, 0.004236769411407473, 0.008103093328759154, 0.05215922450879278, 0.015361687988744452, 0.016484015349071887, 0.02121387674555958, 0.05414706463134609, 0.09138285688045894, 0.01915887352339858, 0.08069825357317419, 0.08585829062691379]"
